{"cameraMode":{"drawMode":0,"name":"Shaded","section":"Shading Mode"},"sceneLighting":true,"audioPlay":false,"sceneViewState":{"m_AlwaysRefresh":false,"showFog":true,"showSkybox":true,"showFlares":true,"showImageEffects":true,"showParticleSystems":true,"showVisualEffectGraphs":true,"m_FxEnabled":true},"in2DMode":false,"pivot":{"x":40.470001220703128,"y":3.5399999618530275,"z":3.1800003051757814},"rotation":{"x":0.006112482864409685,"y":-0.9509875774383545,"z":0.018841689452528955,"w":0.3086087107658386},"size":12.12435531616211,"orthographic":false}